Place_Id,Mean_Rating,Place_Name,Category,City,Price,Time_Minutes,Lat,Long
1,3.7222222222222223,Monumen Nasional,Budaya,Jakarta,20000,15.0,-6.1753924,106.8271528
2,2.84,Kota Tua,Budaya,Jakarta,0,90.0,-6.1376448,106.8171245
3,2.526315789473684,Dunia Fantasi,Taman Hiburan,Jakarta,270000,360.0,-6.1253124,106.8335377
4,2.857142857142857,Taman Mini Indonesia Indah (TMII),Taman Hiburan,Jakarta,10000,90.0,-6.3024459,106.8951559
5,3.52,Atlantis Water Adventure,Taman Hiburan,Jakarta,94000,60.0,-6.12419,106.839134
6,2.9583333333333335,Taman Impian Jaya Ancol,Taman Hiburan,Jakarta,25000,10.0,-6.1173332,106.8579951
7,3.0476190476190474,Kebun Binatang Ragunan,Cagar Alam,Jakarta,4000,90.0,-6.3124593,106.8201865
8,3.1333333333333333,Ocean Ecopark,Taman Hiburan,Jakarta,180000,90.0,-6.1258017,106.8363249
9,2.5789473684210527,Pelabuhan Marina,Bahari,Jakarta,175000,90.0,1.07888,103.931398
10,2.7142857142857144,Pulau Tidung,Bahari,Jakarta,150000,90.0,-5.8032053,106.5237907
11,2.5833333333333335,Pulau Bidadari,Bahari,Jakarta,5000,90.0,-6.035833,106.746944
12,2.8,Pulau Pari,Bahari,Jakarta,150000,90.0,-5.9074328,106.5863989
13,2.68,Pulau Pramuka,Bahari,Jakarta,5000,90.0,-5.745962,106.6136577
14,3.4444444444444446,Pulau Pelangi,Bahari,Jakarta,900000,90.0,-5.587055,106.5885
15,2.7083333333333335,Pasar Seni,Pusat Perbelanjaan,Jakarta,0,90.0,-6.1766868,106.8417666
16,3.0,Jembatan Kota Intan,Budaya,Jakarta,0,90.0,-6.1314572,106.8106169
17,3.0714285714285716,Museum Fatahillah,Budaya,Jakarta,5000,90.0,-6.1364489,106.8130661
18,3.4285714285714284,Museum Bank Indonesia,Budaya,Jakarta,2000,90.0,-6.137127,106.813005
19,2.5238095238095237,Kidzania,Taman Hiburan,Jakarta,185000,300.0,-6.2250735,106.8097144
20,3.0,Museum Taman Prasasti,Budaya,Jakarta,2000,90.0,-6.1722241,106.8189695
21,3.24,Museum Wayang,Budaya,Jakarta,5000,150.0,-6.1349072,106.8124452
22,2.9,Masjid Istiqlal,Tempat Ibadah,Jakarta,0,90.0,-6.17017,106.83139
23,2.6956521739130435,Gereja Katedral,Tempat Ibadah,Jakarta,0,90.0,-6.169225,106.833063
24,3.2083333333333335,Museum Nasional,Budaya,Jakarta,5000,90.0,-6.1764021,106.8215901
25,2.269230769230769,Pasar Tanah Abang,Pusat Perbelanjaan,Jakarta,0,45.0,-6.1890096,106.8119312
26,2.7083333333333335,Pecinan Glodok,Pusat Perbelanjaan,Jakarta,0,20.0,-6.1427588,106.8140791
27,3.217391304347826,Sea World,Taman Hiburan,Jakarta,115000,180.0,-6.1264775,106.842963
28,3.588235294117647,Wisata Agro Edukatif Istana Susu Cibugary,Taman Hiburan,Jakarta,35000,90.0,-6.3568093,106.9062371
29,2.6363636363636362,Wisata Kuliner Pecenongan,Pusat Perbelanjaan,Jakarta,0,90.0,-6.1667887,106.8265261
30,3.1818181818181817,Taman Menteng,Taman Hiburan,Jakarta,0,90.0,-6.1964087,106.8293106
31,3.375,Wisata Alam Mangrove Angke,Cagar Alam,Jakarta,25000,90.0,-6.105334,106.735584
32,3.4,Setu Babakan,Budaya,Jakarta,0,90.0,-6.3416667,106.8238889
33,2.9615384615384617,Taman Suropati,Taman Hiburan,Jakarta,0,90.0,-6.1994034,106.8326228
34,3.272727272727273,Pasar Taman Puring,Pusat Perbelanjaan,Jakarta,0,60.0,-6.241369,106.7890587
35,3.0,Grand Indonesia Mall,Pusat Perbelanjaan,Jakarta,0,120.0,-6.1951801,106.8204412
36,3.2962962962962963,Skyrink - Mall Taman Anggrek,Taman Hiburan,Jakarta,110000,180.0,-6.178996,106.791941
37,3.3461538461538463,Bumi Perkemahan Cibubur,Taman Hiburan,Jakarta,10000,90.0,-6.3602487,106.893842
38,3.04,Istana Negara Republik Indonesia,Budaya,Jakarta,0,90.0,-6.168069,106.8239727
39,3.24,Museum Macan (Modern and Contemporary Art in Nusantara),Budaya,Jakarta,100000,120.0,-6.190942,106.767622
40,3.238095238095238,Galeri Nasional Indonesia,Budaya,Jakarta,0,90.0,-6.1785482,106.8327716
41,3.111111111111111,Museum Bahari Jakarta,Budaya,Jakarta,2000,120.0,-6.1269553,106.8085899
42,2.6296296296296298,Museum Seni Rupa dan Kramik,Budaya,Jakarta,5000,90.0,-6.1342598,106.814552
43,2.6333333333333333,The Escape Hunt,Taman Hiburan,Jakarta,70000,120.0,-6.2555033,106.8122591
44,3.6315789473684212,Monumen Selamat Datang,Budaya,Jakarta,0,15.0,-6.1949978,106.8230496
45,2.7142857142857144,Jakarta Aquarium dan Safari,Taman Hiburan,Jakarta,185000,90.0,-6.1752647,106.7904684
46,2.782608695652174,Pulau Semak Daun,Bahari,Jakarta,40000,90.0,-5.7296716,106.5714158
47,2.9655172413793105,Taman Situ Lembang,Taman Hiburan,Jakarta,0,90.0,-6.1978861,106.8346708
48,2.6,Taman Ismail Marzuki,Budaya,Jakarta,5000,90.0,-6.1891586,106.8397738
49,3.076923076923077,Galeri Indonesia Kaya,Budaya,Jakarta,0,90.0,-6.1948499,106.8200607
50,2.9545454545454546,Museum Joang 45,Budaya,Jakarta,2000,90.0,-6.1861838,106.8364761
51,3.25,Jakarta Planetarium,Taman Hiburan,Jakarta,12000,120.0,-6.1900819,106.8388532
52,3.8421052631578947,Kampung Cina,Budaya,Jakarta,15000,90.0,-6.3651357,106.7617984
53,3.4,Rumah Sipitung,Budaya,Jakarta,5000,90.0,-6.10016,106.96057
54,2.962962962962963,Taman Agrowisata Cilangkap,Taman Hiburan,Jakarta,0,90.0,-6.3401514,106.9012561
55,3.0,Klenteng Jin De Yuan,Tempat Ibadah,Jakarta,0,90.0,-6.1444737,106.8126018
56,3.033333333333333,Pantai Ancol,Bahari,Jakarta,25000,90.0,-6.1194215,106.8502435
57,3.0,Taman Lapangan Banteng,Taman Hiburan,Jakarta,0,90.0,-6.170555,106.8350378
58,2.9375,Taman Ayodya,Taman Hiburan,Jakarta,0,45.0,-6.2452294,106.7946655
59,2.857142857142857,Museum Sumpah Pemuda,Budaya,Jakarta,2000,90.0,-6.1838388,106.8430507
60,3.5294117647058822,Museum Tekstil,Budaya,Jakarta,5000,45.0,-6.1879634,106.8096081
61,3.076923076923077,Tugu Proklamasi,Budaya,Jakarta,0,90.0,-6.2030468,106.8466623
62,2.761904761904762,Taman Legenda Keong Emas,Taman Hiburan,Jakarta,30000,90.0,-6.3039042,106.8936219
63,3.1578947368421053,Museum Kebangkitan Nasional,Budaya,Jakarta,2000,45.0,-6.178352,106.838094
64,2.5652173913043477,Museum Sasmita Loka Ahmad Yani,Budaya,Jakarta,2000,45.0,-6.2046303,106.8365324
65,2.8947368421052633,Museum Basoeki Abdullah,Budaya,Jakarta,1000,90.0,-6.2897885,106.7932681
66,2.7142857142857144,Museum Layang-layang,Budaya,Jakarta,10000,90.0,-6.3080282,106.790548
67,3.4210526315789473,Margasatwa Muara Angke,Cagar Alam,Jakarta,25000,15.0,-6.1160075,106.7692016
68,3.1538461538461537,Pasar Petak Sembilan,Pusat Perbelanjaan,Jakarta,0,45.0,-6.1436722,106.8129398
69,3.32,Freedom Library,Budaya,Jakarta,0,90.0,-6.2022482,106.8451968
70,3.1739130434782608,Perpustakaan Nasional,Budaya,Jakarta,0,240.0,-6.1812918,106.8268717
71,2.9473684210526314,Cibubur Garden Diary (Cibugary),Cagar Alam,Jakarta,50000,90.0,-6.3799969,106.8949793
72,3.076923076923077,Waterboom PIK (Pantai Indah Kapuk),Taman Hiburan,Jakarta,300000,90.0,-6.1136559,106.7478596
73,2.25,Museum Perangko,Budaya,Jakarta,5000,90.0,-6.3041841,106.9017725
74,2.8461538461538463,Museum Tengah Kebun,Budaya,Jakarta,0,120.0,-6.267513,106.824107
75,2.75,SnowBay Waterpark,Taman Hiburan,Jakarta,180000,90.0,-6.2992718,106.89151
76,2.814814814814815,Taman Cattleya,Taman Hiburan,Jakarta,20000,90.0,-6.1810843,106.7954476
77,2.6666666666666665,Taman Hutan Tebet,Taman Hiburan,Jakarta,0,60.0,-6.2371409,106.8526505
78,3.033333333333333,Hutan Kota Srengseng,Taman Hiburan,Jakarta,1000,90.0,-6.2106945,106.7643954
79,3.4782608695652173,Taman Spathodea,Taman Hiburan,Jakarta,0,30.0,-6.3226133,106.8241871
80,3.32,Plaza Indonesia,Pusat Perbelanjaan,Jakarta,0,120.0,-6.1939259,106.8222158
81,2.6956521739130435,Mall Thamrin City,Pusat Perbelanjaan,Jakarta,0,60.0,-6.1946096,106.817905
82,3.0,Museum Satria Mandala,Budaya,Jakarta,5000,150.0,-6.2316985,106.8185425
83,3.5,Alive Museum Ancol,Taman Hiburan,Jakarta,200000,90.0,-6.1175344,106.857313
84,2.9523809523809526,Kawasan Kuliner BSM,Pusat Perbelanjaan,Jakarta,0,90.0,-6.1842588,106.824033
85,2.72,Taman Pintar Yogyakarta,Taman Hiburan,Yogyakarta,6000,120.0,-7.8006715,110.3676551
86,3.12,Keraton Yogyakarta,Budaya,Yogyakarta,15000,60.0,-7.8052845,110.3642031
87,3.111111111111111,Sindu Kusuma Edupark (SKE),Taman Hiburan,Yogyakarta,20000,120.0,-7.7672973,110.3542486
88,3.125,Museum Benteng Vredeburg Yogyakarta,Budaya,Yogyakarta,3000,120.0,-7.8002016,110.3663044
89,2.774193548387097,De Mata Museum Jogja,Budaya,Yogyakarta,50000,60.0,-7.8163156,110.3871442
90,3.590909090909091,Kampung Wisata Taman Sari,Taman Hiburan,Yogyakarta,5000,60.0,-7.8100673,110.3594581
91,3.4285714285714284,Situs Warungboto,Taman Hiburan,Yogyakarta,0,60.0,-7.8102685,110.3931513
92,3.380952380952381,Nol Kilometer Jl.Malioboro,Taman Hiburan,Yogyakarta,0,45.0,-7.8013803,110.3647652
93,2.7916666666666665,Gembira Loka Zoo,Cagar Alam,Yogyakarta,60000,60.0,-7.8062344,110.3967977
94,3.4583333333333335,Sumur Gumuling,Taman Hiburan,Yogyakarta,7000,60.0,-7.8087911,110.3591825
95,3.32,Desa Wisata Sungai Code Jogja Kota,Taman Hiburan,Yogyakarta,0,60.0,-7.8229089,110.3756894
96,2.84,Alun Alun Selatan Yogyakarta,Taman Hiburan,Yogyakarta,0,60.0,-7.8116719,110.363238
97,3.761904761904762,Monumen Yogya Kembali,Budaya,Yogyakarta,15000,30.0,-7.7495904,110.3696068
98,3.45,Taman Pelangi Yogyakarta,Taman Hiburan,Yogyakarta,15000,60.0,-7.7505259,110.3687049
99,3.1666666666666665,Kampung Wisata Kadipaten,Budaya,Yogyakarta,0,60.0,-7.806093,110.35831
100,3.238095238095238,Taman Budaya Yogyakarta,Budaya,Yogyakarta,0,210.0,-7.8001041,110.3676579
101,2.75,Kampung Wisata Sosro Menduran,Budaya,Yogyakarta,0,60.0,-7.79219,110.362151
102,2.9166666666666665,Monumen Batik Yogyakarta,Budaya,Yogyakarta,40000,15.0,-7.8011159,110.3646172
103,3.0,Tugu Pal Putih Jogja,Taman Hiburan,Yogyakarta,0,15.0,-7.7829437,110.3670548
104,2.1739130434782608,Tebing Breksi,Budaya,Yogyakarta,20000,60.0,-7.7815714,110.5045827
105,3.0,Candi Donotirto,Budaya,Yogyakarta,0,25.0,-7.7955613,110.3612095
106,3.1818181818181817,Kawasan Malioboro,Taman Hiburan,Yogyakarta,0,60.0,-7.793167,110.3655238
107,3.0,Bangsal Pagelaran,Budaya,Yogyakarta,5000,60.0,-7.8052843,110.3642137
108,3.210526315789474,Embung Tambakboyo,Taman Hiburan,Yogyakarta,0,60.0,-7.756227,110.4150131
109,2.6818181818181817,Hutan Pinus Pengger,Taman Hiburan,Yogyakarta,3000,60.0,-7.8704832,110.4599108
110,2.875,Monumen Serangan Umum 1 Maret,Taman Hiburan,Yogyakarta,3000,60.0,-7.8010124,110.3653376
111,3.0434782608695654,Puncak Pinus Becici,Taman Hiburan,Yogyakarta,3000,60.0,-7.9020355,110.4374627
112,3.764705882352941,Bukit Bintang Yogyakarta,Taman Hiburan,Yogyakarta,25000,90.0,-7.8458407,110.4798457
113,3.0,Gedung Agung Yogyakarta,Budaya,Yogyakarta,0,60.0,-7.8001506,110.3637507
114,2.933333333333333,The Lost World Castle,Taman Hiburan,Yogyakarta,30000,60.0,-7.6041648,110.4510042
115,3.4,Monumen Sanapati,Budaya,Yogyakarta,15000,60.0,-7.7881728,110.3715403
116,3.1363636363636362,Jurang Tembelan Kanigoro,Taman Hiburan,Yogyakarta,2500,45.0,-7.9401065,110.4300062
117,3.5238095238095237,The World Landmarks - Merapi Park Yogyakarta,Taman Hiburan,Yogyakarta,22000,90.0,-7.6209046,110.4216275
118,3.090909090909091,Museum Sonobudoyo Unit I,Budaya,Yogyakarta,5000,120.0,-7.8024499,110.3639555
119,2.65,Lava Bantal,Budaya,Yogyakarta,5000,30.0,-7.8081518,110.4595183
120,2.84,Bukit Panguk Kediwung,Budaya,Yogyakarta,250000,90.0,-7.9583695,110.4407622
121,2.9,Candi Prambanan,Budaya,Yogyakarta,50000,60.0,-7.7520206,110.4914674
122,3.4444444444444446,Watu Goyang,Budaya,Yogyakarta,2500,45.0,-7.9274086,110.4120586
123,3.05,Kampung Wisata Rejowinangun,Budaya,Yogyakarta,0,60.0,-7.8152776,110.3988359
124,2.5384615384615383,Kauman Pakualaman Yogyakarta,Budaya,Yogyakarta,0,60.0,-7.8010347,110.3751922
125,3.2941176470588234,Alun-alun Utara Keraton Yogyakarta,Budaya,Yogyakarta,0,60.0,-7.8038975,110.3644232
126,3.0476190476190474,Pantai Goa Cemara,Bahari,Yogyakarta,4000,60.0,-7.999423,110.248963
127,3.1379310344827585,Blue Lagoon Jogja,Taman Hiburan,Yogyakarta,10000,60.0,-7.7044358,110.45026
128,3.25,Gumuk Pasir Parangkusumo,Taman Hiburan,Yogyakarta,0,90.0,-8.0173266,110.3180791
129,3.176470588235294,Bukit Lintang Sewu,Taman Hiburan,Yogyakarta,2000,60.0,-7.9157997,110.4366436
130,2.7857142857142856,Studio Alam Gamplong,Taman Hiburan,Yogyakarta,10000,120.0,-7.8057936,110.2367304
131,3.3157894736842106,Watu Lumbung,Cagar Alam,Yogyakarta,5000,30.0,-7.9924379,110.317778
132,3.590909090909091,Air Terjun Kedung Pedut,Cagar Alam,Yogyakarta,20000,60.0,-7.7699875,110.1210707
133,2.85,Puncak Kebun Buah Mangunan,Taman Hiburan,Yogyakarta,5000,90.0,-7.9413718,110.4247345
134,3.6333333333333333,Desa Wisata Gamplong,Taman Hiburan,Yogyakarta,10000,60.0,-7.8055232,110.2374676
135,2.9565217391304346,Kawasan Wisata Sosrowijayan,Pusat Perbelanjaan,Yogyakarta,0,60.0,-7.7916235,110.361956
136,3.4285714285714284,Grojogan Watu Purbo Bangunrejo,Taman Hiburan,Yogyakarta,10000,90.0,-7.6340172,110.33837
137,3.125,Wisata Alam Kalibiru,Cagar Alam,Yogyakarta,20000,90.0,-7.8057305,110.127969
138,3.5416666666666665,Jogja Exotarium,Taman Hiburan,Yogyakarta,20000,120.0,-7.7280356,110.3591712
139,3.8823529411764706,Puncak Gunung Api Purba - Nglanggeran,Cagar Alam,Yogyakarta,10000,60.0,-7.841253,110.543056
140,3.25,Bendung Lepen,Taman Hiburan,Yogyakarta,0,60.0,-7.8316668,110.3945119
141,3.2,Bunker Kaliadem Merapi,Cagar Alam,Yogyakarta,3000,45.0,-7.5829198,110.4476816
142,3.392857142857143,Ledok Sambi,Cagar Alam,Yogyakarta,0,150.0,-7.6470943,110.4280998
143,3.3181818181818183,Seribu Batu Songgo Langit,Cagar Alam,Yogyakarta,2000,90.0,-7.9310984,110.430919
144,2.9047619047619047,Goa Jomblang,Cagar Alam,Yogyakarta,500000,60.0,-8.0281562,110.6383307
145,2.9545454545454546,Desa Wisata Rumah Domes/Teletubbies,Taman Hiburan,Yogyakarta,5000,60.0,-7.8136085,110.5033442
146,3.5,Bukit Wisata Pulepayung,Cagar Alam,Yogyakarta,10000,60.0,-7.8001106,110.1238954
147,3.0526315789473686,Bentara Budaya Yogyakarta (BBY),Budaya,Yogyakarta,0,60.0,-7.7857242,110.3746954
148,3.142857142857143,Goa Rancang Kencono,Cagar Alam,Yogyakarta,5000,30.0,-7.9492612,110.4926511
149,3.0454545454545454,Goa Cerme,Cagar Alam,Yogyakarta,3000,90.0,-7.9794413,110.3803114
150,3.0,Wisata Kraton Jogja,Budaya,Yogyakarta,7000,60.0,-7.8067535,110.3636659
151,2.88,Desa Wisata Kelor,Taman Hiburan,Yogyakarta,0,90.0,-7.6410258,110.3622794
152,3.0,Pantai Patihan,Bahari,Yogyakarta,5000,45.0,-7.997778,110.2449113
153,2.789473684210526,Pantai Kukup,Bahari,Yogyakarta,10000,60.0,-8.1338763,110.5548349
154,3.230769230769231,Pantai Ngrawe (Mesra),Bahari,Yogyakarta,10000,60.0,-8.1333389,110.5537405
155,3.090909090909091,Pantai Ngobaran,Bahari,Yogyakarta,5000,60.0,-8.1184844,110.5028785
156,3.25,Pantai Pulang Sawal,Bahari,Yogyakarta,10000,60.0,-8.1506589,110.6126311
157,3.6956521739130435,Pantai Baron,Bahari,Yogyakarta,10000,60.0,-8.1288246,110.5487763
158,2.857142857142857,Pantai Pok Tunggal,Bahari,Yogyakarta,10000,60.0,-8.1554468,110.6217582
159,2.8518518518518516,Hutan Pinus Asri,Cagar Alam,Yogyakarta,2500,60.0,-7.9209209,110.4355651
160,3.4782608695652173,Pasar Kebon Empring Bintaran,Pusat Perbelanjaan,Yogyakarta,0,60.0,-7.8363205,110.4575806
161,3.076923076923077,"Bukit Paralayang, Watugupit",Cagar Alam,Yogyakarta,5000,90.0,-8.0268551,110.3459122
162,2.8636363636363638,Kampung Wisata Dipowinatan,Budaya,Yogyakarta,220000,60.0,-7.8105529,110.3704987
163,2.5652173913043477,Watu Mabur Mangunan,Cagar Alam,Yogyakarta,2500,60.0,-7.947121,110.441
164,3.5555555555555554,Pintoe Langit Dahromo,Cagar Alam,Yogyakarta,2500,60.0,-7.913608,110.437783
165,3.0,Green Village Gedangsari,Taman Hiburan,Yogyakarta,2000,60.0,-7.813094,110.615571
166,3.0476190476190474,Kebun Teh Nglinggo,Cagar Alam,Yogyakarta,6000,60.0,-7.647054,110.1414699
167,3.272727272727273,Geoforest Watu Payung Turunan,Cagar Alam,Yogyakarta,0,60.0,-7.974294,110.4364363
168,2.909090909090909,Pantai Timang,Bahari,Yogyakarta,10000,90.0,-8.1759266,110.6624196
169,3.1,Puncak Segoro,Cagar Alam,Yogyakarta,5000,90.0,-8.1026167,110.4562084
170,3.1052631578947367,Candi Borobudur,Budaya,Yogyakarta,50000,120.0,-7.6078738,110.2037513
171,3.3043478260869565,Candi Ijo,Budaya,Yogyakarta,5000,60.0,-7.7838276,110.5118987
172,3.3125,Pantai Indrayanti,Bahari,Yogyakarta,10000,60.0,-8.1508415,110.6129852
173,2.8333333333333335,Pantai Nglambor,Bahari,Yogyakarta,10000,60.0,-8.1827028,110.6792399
174,2.7419354838709675,Pasar Beringharjo,Pusat Perbelanjaan,Yogyakarta,0,60.0,-7.7987943,110.367443
175,2.8333333333333335,Museum Ullen Sentalu,Budaya,Yogyakarta,100000,120.0,-7.5978656,110.4233959
176,3.3333333333333335,Museum Gunung Merapi,Budaya,Yogyakarta,10000,60.0,-7.6159272,110.4243329
177,3.135135135135135,Pantai Parangtritis,Bahari,Yogyakarta,10000,60.0,-8.024608,110.3298045
178,3.3076923076923075,Goa Pindul,Cagar Alam,Yogyakarta,40000,60.0,-7.9339721,110.651966
179,3.0833333333333335,Candi Ratu Boko,Budaya,Yogyakarta,75000,90.0,-7.7705416,110.4894158
180,3.12,Pantai Depok Jogja,Bahari,Yogyakarta,10000,60.0,-8.0137087,110.2914777
181,2.5714285714285716,Pantai Sundak,Bahari,Yogyakarta,5000,60.0,-8.147072,110.6079043
182,3.176470588235294,Hutan Mangrove Kulon Progo,Bahari,Yogyakarta,5000,120.0,-7.8933459,110.0198257
183,3.4482758620689653,Jogja Bay Pirates Adventure Waterpark,Taman Hiburan,Yogyakarta,150000,60.0,-7.7478461,110.4188754
184,2.4444444444444446,Pantai Sepanjang,Bahari,Yogyakarta,10000,120.0,-8.1366656,110.5659962
185,2.8260869565217392,Pantai Krakal,Bahari,Yogyakarta,10000,60.0,-8.145019,110.5998857
186,3.235294117647059,Pantai Glagah,Bahari,Yogyakarta,5000,60.0,-7.9119427,110.0647339
187,2.7857142857142856,Pantai Siung,Bahari,Yogyakarta,10000,60.0,-8.1818233,110.6832394
188,2.8947368421052633,Pantai Sadranan,Bahari,Yogyakarta,10000,60.0,-8.145668,110.6043914
189,3.25,Pantai Nguluran,Bahari,Yogyakarta,10000,60.0,-8.1060061,110.4618655
190,3.076923076923077,Pantai Samas,Bahari,Yogyakarta,4000,45.0,-8.0045535,110.2703756
191,3.0454545454545454,Pantai Drini,Bahari,Yogyakarta,10000,60.0,-8.1384509,110.577522
192,2.9545454545454546,Air Terjun Sri Gethuk,Cagar Alam,Yogyakarta,15000,60.0,-7.943178,110.48924
193,2.962962962962963,Candi Sewu,Budaya,Yogyakarta,50000,60.0,-7.7439217,110.4929095
194,3.375,Pantai Wediombo,Bahari,Yogyakarta,5000,60.0,-8.1862462,110.709901
195,3.1,Pantai Jogan,Bahari,Yogyakarta,5000,60.0,-8.180135,110.6763715
196,3.4285714285714284,Pantai Ngrenehan,Bahari,Yogyakarta,3000,60.0,-8.1211475,110.5142337
197,3.033333333333333,Pantai Jungwok,Bahari,Yogyakarta,5000,60.0,-8.197822,110.7123397
198,3.0,Pantai Greweng,Bahari,Yogyakarta,5000,60.0,-8.1978644,110.7186216
199,3.210526315789474,Pantai Sedahan,Bahari,Yogyakarta,5000,60.0,-8.1978943,110.7208535
200,3.3333333333333335,Pantai Watu Kodok,Bahari,Yogyakarta,5000,60.0,-8.1370556,110.5746611
201,3.235294117647059,Pantai Kesirat,Bahari,Yogyakarta,5000,90.0,-8.0961535,110.4350483
202,3.2333333333333334,Pantai Ngandong,Bahari,Yogyakarta,10000,60.0,-8.146423,110.6061408
203,2.6363636363636362,Galaxy Waterpark Jogja,Taman Hiburan,Yogyakarta,40000,60.0,-7.8159633,110.4136917
204,3.272727272727273,Desa Wisata Pulesari,Taman Hiburan,Yogyakarta,0,60.0,-7.6258806,110.371698
205,3.066666666666667,Desa Wisata Tembi,Taman Hiburan,Yogyakarta,50000,60.0,-7.8725673,110.3546963
206,3.090909090909091,Wisata Kaliurang,Cagar Alam,Yogyakarta,8000,60.0,-7.6120675,110.4205209
207,2.875,Heha Sky View,Taman Hiburan,Yogyakarta,15000,120.0,-7.8496144,110.478324
208,3.3333333333333335,Taman Sungai Mudal,Cagar Alam,Yogyakarta,10000,150.0,-7.7628136,110.1161626
209,2.2142857142857144,Pantai Sanglen,Bahari,Yogyakarta,10000,60.0,-8.1367456,110.5716362
210,3.3043478260869565,Pantai Congot,Bahari,Yogyakarta,3000,60.0,-7.9075425,110.0535658
211,3.2142857142857144,GunungTangkuban perahu,Cagar Alam,Bandung,30000,90.0,-6.7596377,107.6097807
212,2.875,Jalan Braga,Budaya,Bandung,0,90.0,-6.9150534,107.6089842
213,2.9130434782608696,Gedung Sate,Budaya,Bandung,5000,90.0,-6.9024812,107.61881
214,3.4444444444444446,Trans Studio Bandung,Taman Hiburan,Bandung,280000,240.0,-6.9250943,107.6364944
215,3.1,Taman Hutan Raya Ir. H. Djuanda,Cagar Alam,Bandung,15000,90.0,-6.8565791,107.6323734
216,2.92,Farm House Susu Lembang,Taman Hiburan,Bandung,30000,90.0,-6.832969,107.6056183
217,3.238095238095238,Kebun Binatang Bandung,Cagar Alam,Bandung,20000,180.0,-6.8897177,107.6077282
218,2.814814814814815,Kawah Putih,Cagar Alam,Bandung,81000,90.0,-7.1662039,107.4021256
219,2.6153846153846154,Tebing Karaton,Cagar Alam,Bandung,15000,90.0,-6.8340683,107.6636151
220,3.161290322580645,Dusun Bambu,Taman Hiburan,Bandung,25000,90.0,-6.7897147,107.5791627
221,3.0869565217391304,Museum Geologi Bandung,Budaya,Bandung,2000,90.0,-6.9007162,107.6214553
222,2.8421052631578947,Museum Konferensi Asia Afrika,Budaya,Bandung,0,60.0,-6.9211092,107.609597
223,3.1904761904761907,Masjid Raya Bandung,Tempat Ibadah,Bandung,0,90.0,-6.9216897,107.6061399
224,3.619047619047619,Dago Dreampark,Taman Hiburan,Bandung,40000,150.0,-6.8486423,107.625939
225,2.75,Orchid Forest Cikole,Taman Hiburan,Bandung,50000,150.0,-6.780493,107.637475
226,3.2,Kawasan Punclut,Taman Hiburan,Bandung,20000,120.0,-6.8419756,107.622824
227,3.3461538461538463,Alun-Alun Kota Bandung,Taman Hiburan,Bandung,0,60.0,-6.9218571,107.6070141
228,2.9545454545454546,Museum Sri Baduga,Budaya,Bandung,3000,90.0,-6.9375748,107.603775
229,2.9285714285714284,Rabbit Town,Taman Hiburan,Bandung,45000,90.0,-6.8669518,107.6100859
230,3.625,Stone Garden Citatah,Taman Hiburan,Bandung,30000,90.0,-6.8281528,107.4350179
231,3.1363636363636362,The Great Asia Africa,Taman Hiburan,Bandung,50000,180.0,-6.833123,107.6041595
232,3.380952380952381,Bukit Moko,Cagar Alam,Bandung,25000,90.0,-6.8422202,107.6767988
233,3.096774193548387,Gunung Papandayan,Cagar Alam,Bandung,30000,90.0,-7.3193253,107.7310494
234,2.217391304347826,Amazing Art World,Budaya,Bandung,75000,45.0,-6.8516591,107.5955534
235,3.3043478260869565,Gua Belanda,Cagar Alam,Bandung,15000,45.0,-6.8544594,107.6377907
236,3.2,Taman Balai Kota Bandung,Taman Hiburan,Bandung,0,45.0,-6.912966,107.6096031
237,3.111111111111111,Panghegar Waterboom Bandung,Taman Hiburan,Bandung,75000,90.0,-6.9614032,107.6227321
238,3.111111111111111,Gunung Manglayang,Cagar Alam,Bandung,7500,90.0,-6.8761111,107.7436111
239,3.0,Lembang Park & Zoo,Cagar Alam,Bandung,50000,210.0,-6.8059154,107.5919726
240,3.090909090909091,Taman Lalu Lintas Ade Irma Suryani Nasution,Taman Hiburan,Bandung,7000,60.0,-6.911211,107.6133389
241,3.3076923076923075,Lawangwangi Creative Space,Taman Hiburan,Bandung,0,120.0,-6.847898,107.6276146
242,3.25,Curug Dago,Cagar Alam,Bandung,12000,90.0,-6.8655225,107.6181878
243,3.4285714285714284,Kampung Korea Bandung,Budaya,Bandung,15000,90.0,-6.9154546,107.640769
244,3.121212121212121,Kampung Batu Malakasari,Taman Hiburan,Bandung,10000,90.0,-7.0093633,107.6069444
245,2.9523809523809526,Jendela Alam,Taman Hiburan,Bandung,20000,150.0,-6.819604,107.5964519
246,3.357142857142857,Curug Tilu Leuwi Opat,Cagar Alam,Bandung,10000,120.0,-6.7905692,107.5826388
247,2.7222222222222223,Kiara Artha Park,Taman Hiburan,Bandung,15000,90.0,-6.9159459,107.6421462
248,3.0606060606060606,NuArt Sculpture Park,Taman Hiburan,Bandung,50000,90.0,-6.8778589,107.5720263
249,3.45,Upside Down World Bandung,Taman Hiburan,Bandung,100000,30.0,-6.8963,107.617
250,2.8620689655172415,Pesona Nirwana Waterpark & Cottages,Taman Hiburan,Bandung,50000,90.0,-7.0409154,107.5269156
251,3.5,Taman Lansia,Taman Hiburan,Bandung,0,90.0,-6.9021326,107.6209387
252,3.1666666666666665,Kampoeng Tulip,Taman Hiburan,Bandung,15000,60.0,-6.963162,107.66195
253,3.5,Selasar Sunaryo Art Space,Taman Hiburan,Bandung,25000,90.0,-6.8585406,107.6365486
254,3.789473684210526,Teras Cikapundung BBWS,Taman Hiburan,Bandung,0,60.0,-6.8844199,107.6068344
255,3.24,Museum Barli,Budaya,Bandung,15000,180.0,-6.8782387,107.5875349
256,3.2,Wisata Batu Kuda,Cagar Alam,Bandung,10000,90.0,-6.8936106,107.7447399
257,2.7916666666666665,Monumen Bandung Lautan Api,Budaya,Bandung,0,90.0,-6.9338497,107.604925
258,3.0416666666666665,Museum Gedung Sate,Budaya,Bandung,5000,90.0,-6.9026379,107.619169
259,2.857142857142857,Monumen Perjuangan Rakyat Jawa Barat,Budaya,Bandung,0,45.0,-6.8934327,107.6185513
260,3.107142857142857,Museum Pos Indonesia,Budaya,Bandung,0,90.0,-6.902013,107.6197787
261,3.473684210526316,Ciwangun Indah Camp Official,Cagar Alam,Bandung,10000,90.0,-6.786939,107.5837331
262,2.4705882352941178,Wot Batu,Cagar Alam,Bandung,50000,90.0,-6.8597013,107.6360983
263,3.5238095238095237,Curug Batu Templek,Cagar Alam,Bandung,5000,90.0,-6.8743633,107.6844023
264,3.0833333333333335,Gereja Katedral Santo Petrus Bandung,Tempat Ibadah,Bandung,0,90.0,-6.9148394,107.6105511
265,3.064516129032258,Museum Mandala Wangsit Siliwangi,Budaya,Bandung,0,60.0,-6.9173405,107.6112627
266,2.76,Caringin Tilu,Cagar Alam,Bandung,0,90.0,-6.8580464,107.6647084
267,2.9444444444444446,Panama Park 825,Taman Hiburan,Bandung,50000,90.0,-6.9119768,107.569674
268,2.875,Sudut Pandang Bandung,Taman Hiburan,Bandung,50000,150.0,-6.8423638,107.6232403
269,2.923076923076923,Bumi Perkemahan Batu Kuda,Cagar Alam,Bandung,7500,90.0,-6.8932173,107.7448856
270,2.9285714285714284,Bukit Bintang,Cagar Alam,Bandung,25000,90.0,-6.8417795,107.6768585
271,2.888888888888889,Taman Vanda,Taman Hiburan,Bandung,0,45.0,-6.9140478,107.6101684
272,3.1363636363636362,Taman Budaya Jawa Barat,Budaya,Bandung,0,120.0,-6.870099,107.6164386
273,2.4761904761904763,Curug Bugbrug,Cagar Alam,Bandung,7500,120.0,-6.790389,107.5777632
274,2.6333333333333333,Babakan Siliwangi City Forest Path Bandung,Cagar Alam,Bandung,0,90.0,-6.8853746,107.6111899
275,2.6153846153846154,Curug Cipanas,Cagar Alam,Bandung,20000,180.0,-6.7991958,107.5922088
276,2.9166666666666665,Taman Jomblo,Taman Hiburan,Bandung,10000,30.0,-6.8980549,107.6094673
277,3.1052631578947367,Peta Park,Taman Hiburan,Bandung,15000,90.0,-6.9317951,107.5883026
278,3.0526315789473686,Masjid Daarut Tauhiid Bandung,Tempat Ibadah,Bandung,0,90.0,-6.863527,107.5899194
279,3.642857142857143,Masjid Agung Trans Studio Bandung,Tempat Ibadah,Bandung,0,90.0,-6.9259635,107.6354278
280,3.0,Gereja Tiberias Indonesia Bandung,Tempat Ibadah,Bandung,0,90.0,-6.9347698,107.6253513
281,3.1052631578947367,Tektona Waterpark,Taman Hiburan,Bandung,60000,90.0,-7.0096022,107.6062161
282,3.347826086956522,Curug Cilengkrang,Cagar Alam,Bandung,7500,60.0,-6.8908877,107.7307085
283,3.0555555555555554,Jembatan Pasupati,Taman Hiburan,Bandung,0,90.0,-6.9000987,107.6046708
284,3.2857142857142856,Pasar Baru,Pusat Perbelanjaan,Bandung,0,90.0,-6.9177044,107.6036014
285,2.8,Taman Sejarah Bandung,Budaya,Bandung,0,45.0,-6.9103086,107.6098619
286,2.588235294117647,Roemah Seni Sarasvati,Budaya,Bandung,0,90.0,-6.9204173,107.5996425
287,3.5,Puspa Iptek Sundial,Taman Hiburan,Bandung,25000,90.0,-6.852208,107.493882
288,2.8333333333333335,Masjid Salman ITB,Tempat Ibadah,Bandung,0,90.0,-6.8936643,107.611271
289,2.8823529411764706,Curug Aseupan,Cagar Alam,Bandung,10000,90.0,-6.7875652,107.5822844
290,2.9565217391304346,Museum Pendidikan Nasional,Budaya,Bandung,5000,90.0,-6.8597474,107.5941693
291,3.130434782608696,Water Park Bandung Indah,Taman Hiburan,Bandung,50000,90.0,-6.9805807,107.5856567
292,3.1,Curug Anom,Cagar Alam,Bandung,0,90.0,-6.8116009,107.5695213
293,3.3125,Taman Badak,Taman Hiburan,Bandung,0,90.0,-6.9132752,107.6094908
294,3.090909090909091,Taman Film,Budaya,Bandung,0,90.0,-6.8986869,107.6077451
295,3.3333333333333335,Museum Nike Ardilla,Budaya,Bandung,0,90.0,-6.9406015,107.6725445
296,2.730769230769231,Batununggal Indah Club,Taman Hiburan,Bandung,70000,90.0,-6.96323,107.626416
297,3.185185185185185,Mountain View Golf Club,Cagar Alam,Bandung,375000,120.0,-6.8629384,107.6482191
298,2.769230769230769,Gunung Lalakon,Cagar Alam,Bandung,0,90.0,-6.9580556,107.5205556
299,2.764705882352941,Sendang Geulis Kahuripan,Cagar Alam,Bandung,10000,120.0,-6.7495268,107.478658
300,3.6551724137931036,Sanghyang Heuleut,Cagar Alam,Bandung,10000,90.0,-6.8765131,107.3422183
301,2.923076923076923,Lereng Anteng Panoramic Coffee Place,Cagar Alam,Bandung,50000,150.0,-6.842535,107.622698
302,2.76,Masjid Pusdai,Tempat Ibadah,Bandung,0,90.0,-6.9000672,107.62587
303,2.9523809523809526,Masjid Al-Imtizaj,Tempat Ibadah,Bandung,0,90.0,-6.919425,107.6078639
304,2.95,Situ Cileunca,Cagar Alam,Bandung,2500,90.0,-7.1923281,107.5510012
305,2.875,Sunrise Point Cukul,Cagar Alam,Bandung,10000,90.0,-7.233689,107.5342933
306,3.0476190476190474,Sungai Palayangan,Cagar Alam,Bandung,150000,90.0,-7.1965023,107.5454594
307,2.8076923076923075,Perkebunan Teh Malabar,Cagar Alam,Bandung,5000,90.0,-7.2274463,107.6050805
308,3.4,Pemandian Air Panas Ciater,Cagar Alam,Bandung,15000,90.0,-6.7380853,107.6566092
309,3.3043478260869565,Observatorium Bosscha,Cagar Alam,Bandung,25000,90.0,-6.8246311,107.6171106
310,2.9047619047619047,Taman Bunga Cihideung,Cagar Alam,Bandung,0,45.0,-6.8038883,107.5866313
311,2.9047619047619047,The Lodge Maribaya,Cagar Alam,Bandung,25000,150.0,-6.8294112,107.6874666
312,3.185185185185185,Taman Hutan Raya Ir. H. Juanda,Cagar Alam,Bandung,11000,90.0,-6.8585841,107.6306089
313,2.761904761904762,Taman Begonia,Cagar Alam,Bandung,10000,90.0,-6.8260163,107.6383564
314,3.5416666666666665,Tafso Barn,Cagar Alam,Bandung,0,180.0,-6.8426446,107.6228408
315,3.0,Curug Luhur Waterfall,Cagar Alam,Bandung,5000,90.0,-6.8131767,107.7136367
316,3.0,Curug Malela,Cagar Alam,Bandung,10000,90.0,-7.0182386,107.2072145
317,3.0952380952380953,Curug Cimahi,Cagar Alam,Bandung,15000,30.0,-6.7977383,107.5783691
318,3.111111111111111,Situ Patenggang,Cagar Alam,Bandung,20000,90.0,-7.1669649,107.3575344
319,3.193548387096774,Kawah Rengganis Cibuni,Cagar Alam,Bandung,5000,90.0,-7.1724126,107.3766656
320,3.1666666666666665,Pemandian Air Panas Cimanggu,Cagar Alam,Bandung,23000,60.0,-7.1471529,107.3901424
321,3.75,Glamping Lakeside Rancabali,Taman Hiburan,Bandung,30000,90.0,-7.1675908,107.3532419
322,3.793103448275862,Bukit Jamur,Cagar Alam,Bandung,0,90.0,-7.1951102,107.4312811
323,3.066666666666667,Kebun Tanaman Obat Sari Alam,Cagar Alam,Bandung,0,90.0,-6.601321,106.632734
324,2.9545454545454546,Happyfarm Ciwidey,Cagar Alam,Bandung,15000,90.0,-7.1147877,107.4380865
325,2.925925925925926,Saung Angklung Mang Udjo,Budaya,Bandung,75000,90.0,-6.8971362,107.6558466
326,2.65,Taman Kupu-Kupu Cihanjuang,Cagar Alam,Bandung,10000,90.0,-6.8590047,107.568779
327,3.1578947368421053,Taman Miniatur Kereta Api,Taman Hiburan,Bandung,15000,90.0,-6.817327,107.61794
328,3.125,Gua Pawon,Cagar Alam,Bandung,10000,90.0,-6.8231833,107.4371655
329,2.6666666666666665,Bukit Gantole Cililin,Cagar Alam,Bandung,0,45.0,-6.9588812,107.4713147
330,2.85,Bandros City Tour,Budaya,Bandung,40000,90.0,-6.9220816,107.6073182
331,2.84375,Kyotoku Floating Market,Budaya,Bandung,175000,150.0,-6.819875,107.618707
332,3.5652173913043477,Rainbow Garden,Cagar Alam,Bandung,20000,90.0,-6.8179514,107.618914
333,3.5,Kota Mini,Taman Hiburan,Bandung,20000,90.0,-6.8186888,107.6169403
334,3.1666666666666665,Chingu Cafe Little Seoul,Taman Hiburan,Bandung,50000,90.0,-6.9012241,107.6099853
335,3.3043478260869565,Candi Gedong Songo,Budaya,Semarang,10000,60.0,-7.2098867,110.3421119
336,3.303030303030303,Grand Maerakaca,Taman Hiburan,Semarang,15000,60.0,-6.9605225,110.3863941
337,3.0952380952380953,Kampung Pelangi,Taman Hiburan,Semarang,3000,30.0,-6.9888812,110.4083781
338,2.5357142857142856,Lawang Sewu,Budaya,Semarang,10000,60.0,-6.9839099,110.4104342
339,3.0,Sam Poo Kong Temple,Budaya,Semarang,35000,60.0,-6.9962366,110.398122
340,3.3157894736842106,Desa Wisata Lembah Kalipancur,Taman Hiburan,Semarang,0,90.0,-7.0205245,110.3754605
341,3.16,Hutan Wisata Tinjomoyo Semarang,Cagar Alam,Semarang,3000,60.0,-7.0296837,110.3999611
342,3.36,Taman Kasmaran,Taman Hiburan,Semarang,3000,90.0,-6.9909404,110.4065932
343,2.8461538461538463,Pantai Baruna,Bahari,Semarang,3000,60.0,-6.9451052,110.3982398
344,2.787878787878788,Pantai Marina,Bahari,Semarang,3000,60.0,-6.948877,110.3893285
345,3.2,Kampoeng Djadhoel Semarang,Budaya,Semarang,10000,60.0,-6.9687731,110.4319505
346,3.2,Indonesia Kaya Park,Taman Hiburan,Semarang,0,45.0,-6.9923507,110.4201162
347,3.0,Taman Pandanaran,Taman Hiburan,Semarang,0,45.0,-6.9877936,110.4172262
348,3.074074074074074,Pura Giri Natha,Budaya,Semarang,20000,60.0,-6.9984759,110.4106468
349,2.7222222222222223,Wisata Mangrove Tapak,Cagar Alam,Semarang,5000,90.0,-6.9685618,110.3459696
350,3.411764705882353,Pantai Cipta,Bahari,Semarang,5000,90.0,-6.9486402,110.4102923
351,3.2857142857142856,Old City 3D Trick Art Museum,Budaya,Semarang,50000,60.0,-6.9684064,110.4261995
352,3.1363636363636362,GPIB Immanuel Semarang (Gereja Blenduk),Tempat Ibadah,Semarang,0,60.0,-6.9683488,110.4274767
353,3.4444444444444446,Taman Srigunting,Taman Hiburan,Semarang,0,60.0,-6.9681728,110.4278262
354,2.9473684210526314,Semarang Contemporary Art Gallery,Budaya,Semarang,10000,90.0,-6.9675,110.4282
355,3.033333333333333,Umbul Sidomukti,Cagar Alam,Semarang,75000,60.0,-7.1945903,110.3733583
356,2.8823529411764706,Saloka Theme Park,Taman Hiburan,Semarang,150000,180.0,-7.2807262,110.4595539
357,3.217391304347826,Wisata Alam Wana Wisata Penggaron,Cagar Alam,Semarang,10000,45.0,-7.1157969,110.4217966
358,3.2941176470588234,Masjid Kapal Semarang,Tempat Ibadah,Semarang,0,60.0,-7.0187782,110.2937134
359,3.1,Taman Bunga Celosia,Cagar Alam,Semarang,25000,90.0,-7.2255041,110.3463166
360,2.9166666666666665,Air Terjun Kali Pancur,Cagar Alam,Semarang,5000,60.0,-7.3580963,110.4210681
361,2.6666666666666665,Wisata Kampung Krisan Clapar,Taman Hiburan,Semarang,10000,60.0,-7.2141582,110.3769541
362,3.1333333333333333,Danau Rawa Pening,Cagar Alam,Semarang,15000,60.0,-7.2854929,110.4321671
363,2.869565217391304,Pantai Maron,Bahari,Semarang,5000,60.0,-6.9545687,110.3600951
364,3.1666666666666665,Water Blaster Bukit Candi Golf,Taman Hiburan,Semarang,80000,60.0,-7.0218894,110.4383345
365,3.1052631578947367,Waduk Jatibarang,Cagar Alam,Semarang,2500,60.0,-7.0370499,110.3477586
366,2.903225806451613,Tirto Argo Siwarak,Taman Hiburan,Semarang,20000,150.0,-7.132106,110.394523
367,3.2903225806451615,Wisata Lereng Kelir,Cagar Alam,Semarang,7000,60.0,-7.3126613,110.3746785
368,3.1,Kampoeng Rawa,Cagar Alam,Semarang,3000,60.0,-7.267539,110.418076
369,3.064516129032258,Monumen Palagan Ambarawa,Budaya,Semarang,7500,20.0,-7.2598861,110.4025602
370,2.625,Benteng Pendem,Budaya,Semarang,5000,60.0,-7.2706462,110.4103291
371,3.111111111111111,Wisata Eling Bening,Cagar Alam,Semarang,25000,90.0,-7.2531096,110.4264512
372,2.9583333333333335,Gua Maria Kerep Ambarawa,Cagar Alam,Semarang,2000,60.0,-7.2552364,110.3991897
373,2.925925925925926,Museum Kereta Ambarawa,Budaya,Semarang,10000,60.0,-7.2645989,110.4046017
374,3.142857142857143,Hutan Pinus Kayon,Cagar Alam,Semarang,6000,60.0,-7.395606,110.4517727
375,2.9523809523809526,Kota Lama Semarang,Budaya,Semarang,0,90.0,-6.9681399,110.4278611
376,2.9166666666666665,Semarang Chinatown,Budaya,Semarang,30000,30.0,-6.9749923,110.424954
377,3.3225806451612905,La Kana Chapel,Taman Hiburan,Semarang,35000,60.0,-7.2156923,110.3649392
378,3.04,Jembatan Biru Ambarawa,Taman Hiburan,Semarang,0,60.0,-7.2678201,110.4483217
379,3.2222222222222223,Goa Rong,Cagar Alam,Semarang,5000,60.0,-7.2721621,110.4698457
380,2.9375,Masjid Agung Ungaran,Tempat Ibadah,Semarang,0,60.0,-7.1350705,110.4088131
381,2.9655172413793105,Tugu Muda Semarang,Budaya,Semarang,0,60.0,-6.9843485,110.4093207
382,3.2857142857142856,Kampoeng Kopi Banaran,Taman Hiburan,Semarang,200000,90.0,-7.2539005,110.4414953
383,2.2916666666666665,Taman Tabanas,Taman Hiburan,Semarang,0,60.0,-7.0388032,110.4215576
384,3.15,Kampung Tematik Jawi,Budaya,Semarang,0,90.0,-7.0290974,110.3775382
385,2.9565217391304346,Kampung Batik Gedong Semarang,Budaya,Semarang,0,45.0,-6.9688821,110.4318692
386,2.8260869565217392,Air Terjun Semirang,Cagar Alam,Semarang,9000,60.0,-7.1662971,110.381068
387,3.5555555555555554,Obyek Wisata Goa Kreo,Cagar Alam,Semarang,5500,60.0,-7.0372113,110.3476164
388,2.9565217391304346,Watu Gunung Ungaran,Cagar Alam,Semarang,25000,60.0,-7.1298066,110.388832
389,2.3181818181818183,Brown Canyon,Cagar Alam,Semarang,0,30.0,-7.0565164,110.4862531
390,2.7857142857142856,Durian Gardens and Tourism Education Watu Simbar,Cagar Alam,Semarang,5000,45.0,-7.0967079,110.3900517
391,3.0,Flower Farm Setiya Aji,Cagar Alam,Semarang,7500,45.0,-7.2241813,110.3782661
392,3.3125,Ekowisata Mangrove Wonorejo,Cagar Alam,Surabaya,0,60.0,-7.3086482,112.8216622
393,3.0476190476190474,Taman Harmoni Keputih,Cagar Alam,Surabaya,0,60.0,-7.2952211,112.8035603
394,2.769230769230769,Air Mancur Menari,Taman Hiburan,Surabaya,35000,45.0,-7.2356933,112.7955234
395,3.3043478260869565,Taman Prestasi,Taman Hiburan,Surabaya,0,45.0,-7.2614722,112.7428284
396,3.3684210526315788,Monumen Kapal Selam,Budaya,Surabaya,15000,30.0,-7.2654304,112.7503052
397,3.0952380952380953,Taman Kunang-Kunang,Taman Hiburan,Surabaya,0,45.0,-7.3182202,112.7842405
398,3.074074074074074,Taman Buah Surabaya,Taman Hiburan,Surabaya,0,30.0,-7.2662139,112.795281
399,3.588235294117647,Taman Pelangi,Taman Hiburan,Surabaya,0,20.0,-7.3275604,112.7312242
400,2.5217391304347827,Hutan Bambu Keputih,Cagar Alam,Surabaya,0,25.0,-7.2941909,112.8017238
401,3.576923076923077,Taman Keputran,Taman Hiburan,Surabaya,0,45.0,-7.2732153,112.744102
402,3.21875,Food Junction Grand Pakuwon,Pusat Perbelanjaan,Surabaya,0,120.0,-7.251022,112.6620053
403,2.0625,Taman Barunawati,Taman Hiburan,Surabaya,0,30.0,-7.2220559,112.7319967
404,2.7,Kenjeran Park,Taman Hiburan,Surabaya,35000,120.0,-7.2522964,112.7966952
405,3.0,Surabaya North Quay,Taman Hiburan,Surabaya,50000,45.0,-7.1968193,112.7324578
406,2.8620689655172415,Kebun Bibit Wonorejo,Cagar Alam,Surabaya,0,30.0,-7.3123655,112.7889021
407,3.423076923076923,Taman Ekspresi Dan Perpustakaan,Taman Hiburan,Surabaya,0,45.0,-7.2573072,112.7437199
408,2.8181818181818183,Kebun Binatang Surabaya,Cagar Alam,Surabaya,15000,180.0,-7.2959546,112.7366094
409,3.0625,Rumah Batik,Budaya,Surabaya,0,15.0,-7.278736,112.718453
410,2.9523809523809526,Ciputra Waterpark,Taman Hiburan,Surabaya,95000,90.0,-7.2861707,112.6333338
411,3.210526315789474,Masjid Muhammad Cheng Hoo,Tempat Ibadah,Surabaya,0,45.0,-7.2522754,112.7468796
412,3.3333333333333335,Masjid Nasional Al-Akbar,Tempat Ibadah,Surabaya,0,45.0,-7.3366141,112.7151806
413,3.076923076923077,Museum TNI AL Loka Jala Crana,Budaya,Surabaya,2000,45.0,-7.227185,112.718997
414,2.8095238095238093,Jembatan Merah,Budaya,Surabaya,0,30.0,-7.2367447,112.7383009
415,2.2941176470588234,Museum De Javasche Bank,Budaya,Surabaya,5000,60.0,-7.2353939,112.7367646
416,3.933333333333333,Keraton Surabaya,Budaya,Surabaya,0,45.0,-7.2567553,112.7942203
417,2.730769230769231,Klenteng Sanggar Agung,Budaya,Surabaya,10000,45.0,-7.246944,112.802222
418,2.923076923076923,Museum Sepuluh Nopember Kota Surabaya,Budaya,Surabaya,5000,45.0,-7.2454369,112.7378985
419,3.263157894736842,Monumen Tugu Pahlawan,Budaya,Surabaya,0,30.0,-7.246926,112.73781
420,3.3333333333333335,Surabaya Museum (Gedung Siola),Budaya,Surabaya,0,45.0,-7.2562972,112.7379955
421,2.95,Museum Kesehatan Dr. Adhyatma,Budaya,Surabaya,10000,45.0,-7.240328,112.731431
422,3.5,Monumen Jalesveva Jayamahe,Budaya,Surabaya,0,15.0,-7.1954748,112.7395206
423,2.25,Patung Sura dan Buaya,Budaya,Surabaya,0,30.0,-7.2960492,112.7387012
424,2.923076923076923,Pantai Ria Kenjeran,Bahari,Surabaya,15000,45.0,-7.2509164,112.8009332
425,3.32,Waterpark Kenjeran Surabaya,Taman Hiburan,Surabaya,35000,45.0,-7.2477963,112.7998235
426,2.9545454545454546,Balai Kota Surabaya,Budaya,Surabaya,0,60.0,-7.2592948,112.7470512
427,2.9642857142857144,Patung Buddha Empat Rupa,Budaya,Surabaya,0,45.0,-7.2472841,112.8010814
428,3.2916666666666665,Monumen Bambu Runcing Surabaya,Budaya,Surabaya,0,15.0,-7.2677755,112.7443898
429,3.238095238095238,House of Sampoerna,Budaya,Surabaya,0,30.0,-7.2308173,112.7342344
430,3.09375,Atlantis Land Surabaya,Taman Hiburan,Surabaya,125000,120.0,-7.2516189,112.8009694
431,3.5,Taman Hiburan Rakyat,Taman Hiburan,Surabaya,5000,45.0,-7.252291,112.7520012
432,3.3333333333333335,Taman Mundu,Taman Hiburan,Surabaya,0,30.0,-7.2516046,112.7545983
433,3.3043478260869565,Museum Mpu Tantular,Budaya,Surabaya,2000,45.0,-7.4338593,112.7199058
434,2.4,Taman Bungkul,Taman Hiburan,Surabaya,0,45.0,-7.2913468,112.7398218
435,3.0,Taman Air Mancur Menari Kenjeran,Taman Hiburan,Surabaya,0,45.0,-7.2752955,112.7549381
436,3.090909090909091,Taman Flora Bratang Surabaya,Taman Hiburan,Surabaya,0,45.0,-7.2943303,112.7617534
437,3.2972972972972974,Gereja Perawan Maria Tak Berdosa Surabaya,Tempat Ibadah,Surabaya,10000,45.0,-7.2420758,112.7368158
